{
  "project_info": {
    "project_number": "1084592601917",
    "firebase_url": "https://spookydev-305fiu.firebaseio.com",
    "project_id": "spookydev-305fiu",
    "storage_bucket": "spookydev-305fiu.appspot.com"
  },
  "client": [
    {
      "client_info": {
        "mobilesdk_app_id": "1:1084592601917:android:a24b195e142f0201a2e354",
        "android_client_info": {
          "package_name": "com.example.sparkdev"
        }
      },
      "oauth_client": [
        {
          "client_id": "1084592601917-p47vfd0nrbhou05q410er13nbb0i4s9d.apps.googleusercontent.com",
          "client_type": 3
        }
      ],
      "api_key": [
        {
          "current_key": "AIzaSyCMAC_9AY5LGqDXUUYVHqQiE4bP9JvXjRc"
        }
      ],
      "services": {
        "appinvite_service": {
          "other_platform_oauth_client": [
            {
              "client_id": "1084592601917-p47vfd0nrbhou05q410er13nbb0i4s9d.apps.googleusercontent.com",
              "client_type": 3
            }
          ]
        }
      }
    }
  ],
  "configuration_version": "1"
}